City_ID,City,Country,Date,Lat,Lng,Max Temp,Cloudiness,Humidity,Wind Speed
0,jacareacanga,BR,1528902000,-6.22,-57.76,89.6,0,62,6.93
1,kaitangata,NZ,1528905304,-46.28,169.85,42.61,100,94,5.64
2,goulburn,AU,1528905078,-34.75,149.72,44.32,20,91,10.11
3,lata,IN,1528905305,30.78,78.62,59.89,76,89,0.94
4,chokurdakh,RU,1528905306,70.62,147.9,32.17,0,88,2.95
5,martyush,RU,1528905306,56.4,61.89,55.03,92,94,9.33
6,hobart,AU,1528902000,-42.88,147.33,44.6,20,87,8.05
7,broken hill,AU,1528905311,-31.97,141.45,44.5,0,88,7.31
8,harnosand,SE,1528903200,62.63,17.94,60.8,0,44,13.87
9,tuatapere,NZ,1528905312,-46.13,167.69,38.92,0,100,3.4
10,puerto ayora,EC,1528902000,-0.74,-90.35,77,90,69,13.87
11,havre-saint-pierre,CA,1528902000,50.23,-63.6,53.6,75,58,19.46
12,punta arenas,CL,1528902000,-53.16,-70.91,35.6,0,100,9.17
13,tasiilaq,GL,1528901400,65.61,-37.64,39.2,75,60,2.24
14,chapais,CA,1528902000,49.78,-74.86,59,40,38,10.29
15,avarua,CK,1528902000,-21.21,-159.78,73.4,40,56,10.29
16,hofn,IS,1528902000,64.25,-15.21,51.8,75,87,8.05
17,yukamenskoye,RU,1528905315,57.89,52.24,56.65,92,98,10.22
18,khandbari,NP,1528905315,27.38,87.21,44.59,80,67,1.39
19,bethel,US,1528901580,60.79,-161.76,44.6,1,93,8.05
20,ushuaia,AR,1528902000,-54.81,-68.31,41,75,64,3.36
21,east london,ZA,1528902000,-33.02,27.91,69.8,0,37,5.82
22,bluff,AU,1528905321,-23.58,149.07,61.96,76,76,4.74
23,mount isa,AU,1528902000,-20.73,139.49,64.4,75,100,3.29
24,pevek,RU,1528905321,69.7,170.27,36.94,0,71,6.98
25,gao,ML,1528905321,16.28,-0.04,110.02,24,16,4.97
26,cabo san lucas,MX,1528901160,22.89,-109.91,84.2,75,74,10.29
27,sao filipe,CV,1528905323,14.9,-24.5,75.73,0,88,13.02
28,tiksi,RU,1528905298,71.64,128.87,57.73,44,58,10.11
29,busselton,AU,1528905323,-33.64,115.35,60.43,92,100,10.56
30,alofi,NU,1528902000,-19.06,-169.92,71.6,76,88,3.36
31,ola,RU,1528902000,59.58,151.3,42.8,75,100,7.76
32,atar,MR,1528902000,20.52,-13.05,91.4,20,19,9.17
33,rikitea,PF,1528905325,-23.12,-134.97,73.57,0,100,8.66
34,hermanus,ZA,1528905325,-34.42,19.24,77.17,0,24,8.66
35,ponta delgada,PT,1528903800,37.73,-25.67,71.6,75,88,12.75
36,bambari,CF,1528905326,5.77,20.68,81.85,24,84,7.65
37,cap malheureux,MU,1528902000,-19.98,57.61,75.2,75,69,14.99
38,puerto escondido,MX,1528901100,15.86,-97.07,80.6,75,65,3.36
39,qaanaaq,GL,1528905330,77.48,-69.36,31.45,32,100,6.31
40,new norfolk,AU,1528902000,-42.78,147.06,44.6,20,87,8.05
41,najran,SA,1528902000,17.54,44.22,98.6,40,13,11.41
42,isla mujeres,MX,1528904340,21.23,-86.73,75.2,90,100,16.11
43,mar del plata,AR,1528905297,-46.43,-67.52,32.53,0,100,7.31
44,provideniya,RU,1528905332,64.42,-173.23,40.63,0,91,10.78
45,jamestown,AU,1528905333,-33.21,138.6,43.15,12,88,10.89
46,medicine hat,CA,1528902000,50.04,-110.68,66.2,20,34,14.99
47,katsuura,JP,1528905334,33.93,134.5,62.05,8,88,7.54
48,aklavik,CA,1528902000,68.22,-135.01,51.8,20,53,11.41
49,tuktoyaktuk,CA,1528902000,69.44,-133.03,46.4,20,61,6.93
50,kapaa,US,1528901760,22.08,-159.32,75.2,90,88,14.99
51,mildura,AU,1528905300,-34.18,142.16,45.67,0,92,9.66
52,souillac,FR,1528903800,45.6,-0.6,73.4,75,49,10.29
53,lorengau,PG,1528905336,-2.02,147.27,80.59,100,100,3.85
54,praia,BR,1528902000,-20.25,-43.81,82.4,20,47,3.36
55,port alfred,ZA,1528905338,-33.59,26.89,76.54,0,50,7.2
56,barranca,PE,1528905339,-10.75,-77.76,61.87,0,98,9.89
57,nome,US,1528902900,30.04,-94.42,87.8,40,70,3.36
58,matay,EG,1528905339,28.42,30.79,97.69,0,23,6.98
59,saskylakh,RU,1528905339,71.97,114.09,59.53,48,55,5.86
60,itarema,BR,1528905340,-2.92,-39.92,88.33,0,61,12.57
61,butaritari,KI,1528905340,3.07,172.79,81.13,56,100,7.31
62,peniche,PT,1528903800,39.36,-9.38,75.2,20,64,12.75
63,beloha,MG,1528905340,-25.17,45.06,71.95,0,57,16.37
64,anadyr,RU,1528902000,64.73,177.51,48.2,0,57,4.47
65,luderitz,NA,1528905342,-26.65,15.16,64.03,12,64,17.38
66,rochester,US,1528902960,44.02,-92.46,73.4,1,37,6.93
67,bosaso,SO,1528905347,11.28,49.18,89.77,0,86,3.96
68,faanui,PF,1528905347,-16.48,-151.75,79.96,0,100,11.79
69,grindavik,IS,1528902000,63.84,-22.43,48.2,75,70,5.82
70,margate,AU,1528902000,-43.03,147.26,44.6,20,87,8.05
71,marsh harbour,BS,1528905349,26.54,-77.06,82.39,88,95,10
72,comodoro rivadavia,AR,1528902000,-45.87,-67.48,42.8,40,60,9.17
73,upernavik,GL,1528905350,72.79,-56.15,29.29,92,100,3.74
74,uige,AO,1528905350,-7.61,15.06,86.8,0,29,3.18
75,bredasdorp,ZA,1528902000,-34.53,20.04,82.4,0,23,5.82
76,bodden town,KY,1528902000,19.28,-81.25,80.6,40,78,16.11
77,guerrero negro,MX,1528905350,27.97,-114.04,63.85,44,88,3.74
78,bilma,NE,1528905351,18.69,12.92,110.47,0,12,4.63
79,carnarvon,ZA,1528905351,-30.97,22.13,60.43,0,30,14.25
80,ponta do sol,BR,1528905352,-20.63,-46,78.25,12,72,3.96
81,vila franca do campo,PT,1528903800,37.72,-25.43,71.6,75,88,12.75
82,puerto del rosario,ES,1528903800,28.5,-13.86,73.4,20,60,17.22
83,sitka,US,1528905353,37.17,-99.65,74.02,20,92,5.97
84,camacha,PT,1528903800,33.08,-16.33,68,75,72,16.11
85,saint-philippe,CA,1528902900,45.36,-73.48,78.8,1,54,11.41
86,port blair,IN,1528905357,11.67,92.75,84.37,92,97,25.1
87,albany,US,1528903860,42.65,-73.75,69.8,90,68,3.36
88,barrow,AR,1528905182,-38.31,-60.23,50.26,88,72,8.21
89,qorveh,IR,1528905357,35.17,47.8,76.72,92,22,3.18
90,san jeronimo,PE,1528902000,-13.65,-73.37,46.4,90,81,2.39
91,mataura,NZ,1528905299,-46.19,168.86,25.69,24,79,3.18
92,buala,SB,1528905359,-8.15,159.59,78.7,64,100,4.18
93,eyl,SO,1528905359,7.98,49.82,86.62,20,57,22.41
94,abu dhabi,AE,1528902000,24.47,54.37,98.6,0,29,16.11
95,tahe,CN,1528905359,52.34,124.71,51.43,92,98,2.17
96,chuy,UY,1528905099,-33.69,-53.46,52.87,80,93,28.9
97,dzerzhinskoye,RU,1528905360,56.84,95.22,65.11,8,69,3.85
98,vanavara,RU,1528905360,60.35,102.28,64.21,0,50,5.64
99,muros,ES,1528903800,42.77,-9.06,66.2,40,72,10.29
100,auchel,FR,1528903800,50.51,2.47,68,0,49,3.36
101,bubaque,GW,1528902000,11.28,-15.83,91.4,40,55,11.41
102,khatanga,RU,1528905361,71.98,102.47,60.97,8,65,4.63
103,los banos,US,1528904100,37.06,-120.85,75.2,1,67,4.74
104,labuhan,ID,1528905361,-2.54,115.51,72.94,12,95,1.83
105,saint-paul,FR,1528903800,45.22,1.9,68,75,56,14.99
106,petatlan,MX,1528901220,17.52,-101.27,84.2,90,74,1.83
107,baykit,RU,1528905366,61.68,96.39,63.94,36,68,4.29
108,dalby,AU,1528902000,-27.18,151.26,53.6,75,93,2.24
109,yellowknife,CA,1528902540,62.45,-114.38,46.4,90,93,8.05
110,hilo,US,1528901580,19.71,-155.08,66.2,75,88,5.82
111,turukhansk,RU,1528905297,65.8,87.96,66.37,36,76,6.42
112,dingle,PH,1528905368,11,122.67,79.96,68,82,8.21
113,dillon,US,1528901580,45.22,-112.64,57.2,1,44,5.82
114,labytnangi,RU,1528905370,66.66,66.39,47.11,64,75,17.49
115,gigmoto,PH,1528905370,13.78,124.39,83.56,36,98,17.6
116,nouakchott,MR,1528905371,18.08,-15.98,76.72,68,76,1.39
117,rumoi,JP,1528905371,43.93,141.67,44.41,92,100,8.1
118,dikson,RU,1528905373,73.51,80.55,31.09,32,100,13.13
119,chinsali,ZM,1528905377,-10.55,32.07,73.39,0,36,9.22
120,georgetown,GY,1528902000,6.8,-58.16,82.4,75,78,9.17
121,tooele,US,1528902900,40.53,-112.3,73.4,1,35,9.17
122,nikolskoye,RU,1528902000,59.7,30.79,60.8,40,41,4.47
123,bodo,CI,1528905379,5.91,-4.68,87.7,80,66,8.21
124,minador do negrao,BR,1528905379,-9.31,-36.86,76.81,32,80,13.24
125,sambava,MG,1528905379,-14.27,50.17,77.35,88,100,19.73
126,yerbogachen,RU,1528905380,61.28,108.01,64.93,0,44,7.43
127,kahului,US,1528901760,20.89,-156.47,66.2,1,93,3.36
128,clyde river,CA,1528902660,70.47,-68.59,35.6,75,100,21.92
129,ancud,CL,1528905381,-41.87,-73.83,39.1,20,90,2.73
130,beringovskiy,RU,1528905381,63.05,179.32,39.37,0,88,3.4
131,majene,ID,1528905382,-3.54,118.97,81.85,32,100,11.01
132,ahar,IR,1528905382,38.48,47.07,62.77,36,62,3.74
133,ilhabela,BR,1528905382,-23.78,-45.36,72.85,80,98,2.28
134,listvyagi,RU,1528905382,53.68,86.95,65.11,0,78,2.06
135,skjervoy,NO,1528903200,70.03,20.97,44.6,40,65,10.29
136,cape town,ZA,1528902000,-33.93,18.42,73.4,0,35,9.17
137,iqaluit,CA,1528902000,63.75,-68.52,35.6,90,96,20.8
138,fort-shevchenko,KZ,1528905387,44.51,50.26,74.2,0,59,3.62
139,severo-kurilsk,RU,1528905387,50.68,156.12,38.02,92,100,16.26
140,arraial do cabo,BR,1528905600,-22.97,-42.02,80.6,0,65,4.7
141,torbay,CA,1528903560,47.66,-52.73,50,90,93,19.46
142,ahipara,NZ,1528905388,-35.17,173.16,56.65,88,91,9.66
143,bandarbeyla,SO,1528905389,9.49,50.81,79.15,0,79,32.93
144,vuktyl,RU,1528905389,63.86,57.31,52.6,92,96,7.43
145,caravelas,BR,1528905390,-17.73,-39.27,77.62,0,98,10.45
146,waipawa,NZ,1528905390,-39.94,176.59,50.89,92,94,9.44
147,khomutovo,RU,1528905390,52.85,37.45,72.31,0,65,5.97
148,acajutla,SV,1528901400,13.59,-89.83,84.2,40,79,1.12
149,buritis,BR,1528905391,-15.62,-46.42,83.74,0,53,6.87
150,meulaboh,ID,1528905392,4.14,96.13,82.03,48,100,3.4
151,vaini,IN,1528905392,15.34,74.49,70.42,100,98,4.29
152,teya,MX,1528901400,21.05,-89.07,86,75,66,13.87
153,bambous virieux,MU,1528902000,-20.34,57.76,75.2,75,69,14.99
154,zaragoza,ES,1528903800,41.65,-0.88,77,20,49,28.86
155,thompson,CA,1528902600,55.74,-97.86,57.2,75,76,3.36
156,kodiak,US,1528901580,39.95,-94.76,75.2,1,50,13.87
157,nsanje,MZ,1528905397,-16.92,35.26,70.33,92,84,4.18
158,the pas,CA,1528902000,53.82,-101.24,60.8,1,63,10.29
159,masalli,KR,1528902000,34.8,126.66,68,12,77,9.17
160,talnakh,RU,1528905398,69.49,88.39,42.79,20,100,3.18
161,ilulissat,GL,1528901400,69.22,-51.1,32,90,97,4.7
162,vallenar,CL,1528905399,-28.58,-70.76,54.4,0,56,1.28
163,cap-aux-meules,CA,1528902000,47.38,-61.86,51.8,40,62,20.8
164,san quintin,PH,1528902000,17.54,120.52,77,90,100,13.87
165,victoria,BN,1528902000,5.28,115.24,80.6,75,94,1.12
166,okhotsk,RU,1528905400,59.36,143.24,38.02,12,100,2.17
167,bonavista,CA,1528905401,48.65,-53.11,46.57,92,82,22.97
168,manokwari,ID,1528905401,-0.87,134.08,78.07,80,100,8.1
169,lebu,ET,1528905404,8.96,38.73,55.3,92,100,0.72
170,qostanay,KZ,1528902000,53.17,63.58,59,75,54,6.71
171,victor harbor,AU,1528902000,-35.55,138.62,55.4,75,82,17.22
172,kamenka,RU,1528905405,53.19,44.05,61.6,12,98,9.44
173,cherskiy,RU,1528905405,68.75,161.3,55.21,8,48,3.18
174,kimbe,PG,1528905405,-5.56,150.15,78.43,92,100,6.64
175,guba,PH,1528902000,10.43,123.89,84.2,75,74,8.05
176,inuvik,CA,1528902000,68.36,-133.71,51.8,40,53,3.36
177,jiazi,CN,1528902000,19.61,110.49,82.4,20,78,4.47
178,namatanai,PG,1528905407,-3.66,152.44,78.07,76,100,11.68
179,port elizabeth,US,1528903500,39.31,-74.98,75.2,90,83,9.17
180,chilca,PE,1528903800,-13.22,-72.34,55.4,75,47,3.36
181,tual,ID,1528905408,-5.67,132.75,79.78,68,100,12.12
182,puerto colombia,CO,1528902000,10.99,-74.96,87.8,40,74,6.93
183,muzhi,RU,1528905409,65.4,64.7,55.57,0,63,10.67
184,tabuk,PH,1528905413,17.41,121.44,72.4,92,86,1.83
185,palauig,PH,1528905413,15.44,119.9,74.11,92,100,10.67
186,komsomolskiy,RU,1528905413,67.55,63.78,37.39,0,84,9.22
187,atuona,PF,1528905298,-9.8,-139.03,79.6,44,100,12.91
188,sinnamary,GF,1528905414,5.38,-52.96,75.19,92,100,3.4
189,kavieng,PG,1528905414,-2.57,150.8,78.97,92,100,5.41
190,moron,VE,1528905415,10.49,-68.2,81.67,0,70,3.06
191,fortuna,ES,1528903800,38.18,-1.13,86,20,64,12.75
192,pangnirtung,CA,1528902000,66.15,-65.72,35.6,90,93,4.7
193,paamiut,GL,1528905416,61.99,-49.67,35.32,68,100,12.46
194,juegang,CN,1528905417,32.31,121.18,75.28,36,76,16.6
195,kiama,AU,1528905418,-34.67,150.86,50.44,0,86,6.87
196,yamada,JP,1528902000,36.58,137.08,60.8,20,72,14.99
197,russell,AR,1528902000,-33.01,-68.8,42.8,0,48,3.36
198,port hawkesbury,CA,1528902000,45.62,-61.36,64.4,1,63,16.11
199,naze,NG,1528902000,5.43,7.07,89.6,75,62,9.17
200,namibe,AO,1528905419,-15.19,12.15,74.02,0,89,17.49
201,lodja,CD,1528905419,-3.52,23.6,94.36,0,20,4.97
202,basco,US,1528904100,40.33,-91.2,77,1,44,13.87
203,suleja,NG,1528905420,9.18,7.18,87.34,20,74,2.95
204,tazovskiy,RU,1528905420,67.47,78.7,67.72,12,60,14.81
205,waterloo,CA,1528902000,43.47,-80.52,75.2,75,78,12.75
206,kruisfontein,ZA,1528905421,-34,24.73,75.82,0,47,8.43
207,hithadhoo,MV,1528905421,-0.6,73.08,83.65,12,100,6.42
208,aqtobe,KZ,1528902000,50.28,57.21,71.6,0,24,6.71
209,trinidad,UY,1528902000,-33.52,-56.9,50,75,76,17.22
210,jasper,US,1528904100,33.83,-87.28,78.8,12,83,5.19
211,tempio pausania,IT,1528903800,40.9,9.1,69.8,40,77,11.41
212,kununurra,AU,1528902000,-15.77,128.74,73.4,75,73,5.82
213,zhob,PK,1528905423,31.34,69.45,80.95,0,10,5.64
214,los llanos de aridane,ES,1528903800,28.66,-17.92,73.4,20,60,12.75
215,nohar,IN,1528905423,29.18,74.77,98.5,0,22,9.55
216,sainte-suzanne,CH,1528903800,47.51,6.77,66.2,76,48,10.29
217,crotone,IT,1528901400,39.09,17.12,82.4,0,42,23.04
218,gambela,ET,1528905424,8.25,34.59,68.62,92,94,2.95
219,kavaratti,IN,1528905424,10.57,72.64,81.67,80,100,22.64
220,ust-ilimsk,RU,1528905425,57.96,102.73,60.61,12,87,1.95
221,leo,BF,1528905429,11.1,-2.1,94.72,0,66,4.63
222,totolapan,MX,1528902840,18.99,-98.92,59,75,77,5.82
223,funtua,NG,1528905429,11.52,7.31,90.67,44,50,2.17
224,salalah,OM,1528901400,17.01,54.1,84.2,75,89,10.29
225,burnie,AU,1528905430,-41.05,145.91,51.88,92,100,21.07
226,boulder city,US,1528902900,35.98,-114.83,89.6,1,11,3.51
227,massakory,TD,1528905431,13,15.73,100.21,0,46,6.98
228,arlit,NE,1528905432,18.74,7.39,110.92,0,14,4.74
229,zhigansk,RU,1528905432,66.77,123.37,56.83,0,56,4.97
230,florianopolis,BR,1528902000,-27.6,-48.55,69.8,40,64,3.36
231,lavrentiya,RU,1528905432,65.58,-170.99,35.95,0,76,8.43
232,bluefield,US,1528902900,37.27,-81.22,78.8,90,78,11.41
233,te anau,NZ,1528905433,-45.41,167.72,27.22,8,80,2.84
234,marawi,PH,1528905433,8,124.29,66.73,44,99,2.28
235,amapa,HN,1528905600,15.09,-87.97,84.2,75,83,4.7
236,palmer,AU,1528902000,-34.85,139.16,55.4,75,82,17.22
237,cidreira,BR,1528905434,-30.17,-50.22,51.97,0,81,26.33
238,saint-pierre,FR,1528903800,48.95,4.24,66.2,90,67,12.75
239,aykhal,RU,1528905439,65.95,111.51,62.23,32,57,4.74
240,ondangwa,NA,1528902000,-17.91,15.98,84.2,0,13,2.24
241,pitimbu,BR,1528902000,-7.47,-34.81,84.2,40,54,17.22
242,grandview,US,1528905300,38.89,-94.53,80.6,1,65,10.29
243,williston,US,1528902900,48.15,-103.62,71.6,1,36,8.05
244,maniitsoq,GL,1528905442,65.42,-52.9,36.31,68,97,5.53
245,krasnyy yar,RU,1528905443,50.7,44.73,64.03,92,86,8.21
246,nouadhibou,MR,1528902000,20.93,-17.03,80.6,20,47,14.99
247,buritama,BR,1528905444,-21.07,-50.14,75.1,68,95,6.31
248,longyearbyen,NO,1528901400,78.22,15.63,33.8,90,86,18.34
249,lasa,CY,1528903800,34.92,32.53,80.6,20,74,6.93
250,college,US,1528901880,64.86,-147.8,42.8,1,75,3.36
251,ust-tsilma,RU,1528905445,65.44,52.15,54.4,12,84,3.62
252,saint-augustin,FR,1528903800,44.83,-0.61,69.8,64,82,12.75
253,berlevag,NO,1528901400,70.86,29.09,42.8,75,70,13.87
254,havoysund,NO,1528903200,71,24.66,42.8,75,87,13.87
255,kamina,CD,1528905450,-8.74,25,85,0,23,7.99
256,yaan,NG,1528905450,7.38,8.57,85.9,48,100,7.09
257,makakilo city,US,1528901820,21.35,-158.09,77,1,83,4.7
258,along,IN,1528905450,28.17,94.8,68.89,100,98,1.5
259,vanimo,PG,1528905451,-2.67,141.3,83.65,88,100,4.29
260,hovd,NO,1528903200,63.83,10.7,62.6,75,48,4.7
261,la maddalena,IT,1528903200,39.15,9.02,75.2,40,57,17.22
262,grand gaube,MU,1528902000,-20.01,57.66,75.2,75,69,14.99
263,novoagansk,RU,1528905453,61.94,76.66,67.81,20,37,8.43
264,kearney,US,1528902900,40.7,-99.08,71.6,90,64,14.99
265,geraldton,CA,1528902000,49.72,-86.95,62.6,75,63,8.05
266,castro,CL,1528905454,-42.48,-73.76,39.73,0,99,2.73
267,luganville,VU,1528905455,-15.51,167.18,75.19,92,100,4.85
268,mahebourg,MU,1528902000,-20.41,57.7,75.2,75,69,14.99
269,vostok,RU,1528905455,46.45,135.83,45.04,44,83,1.95
270,esperance,TT,1528902000,10.24,-61.45,80.6,75,88,12.75
271,fare,PF,1528905456,-16.7,-151.02,79.42,0,100,13.91
272,toora-khem,RU,1528905456,52.47,96.11,57.82,92,83,2.84
273,santa rita,VE,1528905458,10.21,-67.56,83.65,36,64,2.73
274,west bay,GB,1528903200,50.71,-2.76,68,40,77,12.75
275,gamba,CN,1528905459,28.28,88.52,32.35,92,91,2.28
276,rudnya,RU,1528905459,50.8,44.56,63.31,92,88,7.65
277,norman wells,CA,1528902000,65.28,-126.83,44.6,90,65,5.82
278,salinas,US,1528904100,36.67,-121.66,60.8,1,67,3.62
279,ugoofaaru,MV,1528905461,5.67,73,82.93,80,100,8.77
280,kiunga,PG,1528905464,-6.12,141.3,74.29,88,94,2.06
281,koumac,NC,1528905465,-20.56,164.28,67.9,76,96,4.07
282,adre,TD,1528905465,13.47,22.2,103.27,20,16,8.66
283,ahtopol,BG,1528903800,42.1,27.94,77,0,57,13.87
284,slantsy,RU,1528905466,59.12,28.09,62.5,0,55,4.18
285,mallaig,GB,1528905466,57.01,-5.83,53.95,92,99,24.09
286,auch,FR,1528903800,43.65,0.59,73.4,40,56,10.29
287,pathein,MM,1528905467,16.78,94.73,76.9,92,96,14.81
288,maceio,BR,1528905600,-9.67,-35.74,75.2,75,88,6.93
289,oloron-sainte-marie,FR,1528903800,43.19,-0.61,68,88,93,11.41
290,isangel,VU,1528905468,-19.55,169.27,74.2,68,100,14.36
291,manglaur,IN,1528905468,29.79,77.88,82.57,0,64,2.39
292,wenling,CN,1528905468,28.38,121.38,74.56,92,95,3.96
293,pak phanang,TH,1528905469,8.35,100.2,85.99,48,93,10.22
294,aksay,RU,1528905469,47.27,39.86,87.43,0,21,3.74
295,baghdad,IQ,1528902000,33.3,44.38,104,0,14,4.7
296,fort nelson,CA,1528902000,58.81,-122.69,41,90,86,9.17
297,fuerte olimpo,BR,1528905470,-21.04,-57.87,60.97,92,75,12.8
298,bandarban,BD,1528902000,22.2,92.22,80.6,90,94,13.87
299,mao,DO,1528902000,19.55,-71.08,89.6,40,62,12.75
300,christchurch,NZ,1528903800,-43.53,172.64,48.2,100,93,8.05
301,goderich,CA,1528905435,43.74,-81.71,68.17,32,88,11.45
302,kizema,RU,1528905476,61.11,44.83,53.86,56,66,18.39
303,quatre cocos,MU,1528902000,-20.21,57.76,75.2,75,69,14.99
304,kalur kot,PK,1528905476,32.16,71.27,91.03,44,41,1.95
305,singaraja,ID,1528905476,-8.11,115.08,66.73,64,100,1.95
306,coquimbo,CL,1528902000,-29.95,-71.34,53.6,0,62,8.05
307,urengoy,RU,1528905477,65.96,78.37,69.25,12,59,12.24
308,yaypan,UZ,1528905477,40.38,70.82,76.54,24,43,3.62
309,seoul,KR,1528902000,37.57,126.98,71.6,75,68,3.36
310,acopiara,BR,1528905477,-6.09,-39.45,83.2,0,51,11.23
311,warrnambool,AU,1528905363,-38.38,142.48,51.43,76,100,17.72
312,phan thiet,VN,1528905478,10.93,108.1,78.61,36,100,10
313,ilebo,CD,1528905478,-4.33,20.59,94.72,12,22,5.19
314,kijang,KR,1528902000,35.24,129.21,68,40,72,13.87
315,krasnogorsk,RU,1528902000,55.82,37.34,69.8,75,59,13.42
316,husavik,CA,1528905479,50.56,-96.99,67.27,44,72,7.31
317,araouane,ML,1528905479,18.9,-3.53,111.46,0,15,5.75
318,tilichiki,RU,1528905480,60.47,166.1,37.93,0,88,2.62
319,bosobolo,CD,1528905481,4.19,19.88,84.19,20,70,6.42
320,villarrobledo,ES,1528905482,39.27,-2.6,76.99,0,28,12.01
321,ribeira grande,PT,1528903800,38.52,-28.7,75.2,40,83,11.41
322,shakawe,BW,1528905485,-18.36,21.84,73.93,0,23,5.19
323,nemuro,JP,1528905486,43.32,145.57,48.64,80,100,17.83
324,miramar,CR,1528902000,10.09,-84.73,80.6,0,61,3.36
325,kerman,IR,1528902000,30.29,57.06,91.4,20,5,13.87
326,davidson,US,1528905600,35.5,-80.85,78.8,40,65,4.7
327,oksfjord,NO,1528903200,70.24,22.35,46.4,40,65,10.29
328,wattegama,LK,1528905487,7.35,80.68,71.41,92,97,5.75
329,inyonga,TZ,1528905487,-6.72,32.06,79.42,0,32,3.18
330,saint george,GR,1528903200,39.45,22.34,80.6,40,54,8.05
331,jabinyanah,TN,1528902000,35.03,10.91,80.6,0,47,13.87
332,siddipet,IN,1528905488,18.1,78.85,84.1,56,58,11.68
333,praia da vitoria,PT,1528902000,38.73,-27.07,75.2,40,78,10.22
334,duluth,US,1528904100,46.77,-92.13,73.4,1,46,8.05
335,oistins,BB,1528902000,13.07,-59.53,86,20,66,25.28
336,san onofre,CO,1528905495,9.74,-75.52,86.44,0,93,5.3
337,avera,US,1528904100,33.19,-82.53,78.8,90,83,3.74
338,alizai,PK,1528905496,33.94,71.55,89.77,0,30,3.29
339,bela,PK,1528905496,26.23,66.31,93.37,36,29,10.33
340,kalas,PK,1528903800,33.49,72.96,98.6,0,25,4.97
341,gisborne,NZ,1528905498,-38.66,178.02,52.6,12,86,10.67
342,yuryevets,RU,1528905498,57.32,43.11,60.7,24,69,15.03
343,bundaberg,AU,1528905498,-24.87,152.35,64.66,88,100,12.01
344,griffith,AU,1528905499,-34.29,146.06,50.62,80,90,8.88
345,raudeberg,NO,1528903200,61.99,5.14,60.8,75,71,11.41
346,rio gallegos,AR,1528902000,-51.62,-69.22,33.8,20,86,5.82
347,antalaha,MG,1528905500,-14.9,50.28,75.01,88,85,14.14
348,houma,CN,1528905500,35.63,111.36,62.32,0,58,2.51
349,verkhoyansk,RU,1528905500,67.55,133.39,56.29,0,63,2.62
350,donskoye,RU,1528902000,45.45,41.98,80.6,0,30,6.71
351,mogadishu,SO,1528905402,2.04,45.34,78.25,64,100,22.08
352,lewistown,US,1528904100,40.39,-90.15,78.8,1,53,12.75
353,leningradskiy,RU,1528905501,69.38,178.42,33.79,0,88,21.74
354,airai,TL,1528905503,-8.93,125.41,68.98,76,93,1.72
355,nantucket,US,1528904100,41.28,-70.1,69.8,90,77,17.22
356,mount gambier,AU,1528905506,-37.83,140.78,49.72,92,81,6.87
357,katobu,ID,1528905506,-4.94,122.53,77.98,24,100,2.62
358,baiyin,CN,1528902000,36.55,104.13,60.8,0,31,4.47
359,jumla,NP,1528905507,29.28,82.18,37.75,88,95,2.51
360,voh,NC,1528905507,-20.95,164.69,71.59,8,100,14.81
361,kamaishi,JP,1528905507,39.28,141.86,53.95,0,78,12.8
362,jurm,AF,1528905508,36.86,70.83,40.09,56,100,1.61
363,la ronge,CA,1528902000,55.1,-105.3,53.6,75,76,8.05
364,paragominas,BR,1528905508,-3,-47.35,91.93,20,56,5.41
365,fairbanks,US,1528901880,64.84,-147.72,42.8,1,75,3.36
366,poum,MK,1528903800,41.28,20.71,78.8,40,47,8.05
367,boyle,IE,1528902000,53.97,-8.3,55.4,75,100,18.34
368,klaksvik,FO,1528903200,62.23,-6.59,48.2,92,93,19.46
369,aleksandro-nevskiy,RU,1528905510,53.48,40.21,74.2,0,49,9.78
370,graham,US,1528905240,36.07,-79.4,75.2,75,78,9.17
371,paraiso,MX,1528901040,24.01,-104.61,66.2,75,68,3.36
372,nishihara,JP,1528902000,35.74,139.53,69.8,75,68,3.36
373,charyshskoye,RU,1528905511,51.4,83.56,69.7,8,37,3.4
374,struer,DK,1528903200,56.48,8.6,60.8,8,63,17.22
375,hualmay,PE,1528905511,-11.1,-77.61,65.02,12,77,3.62
376,ystad,SE,1528903200,55.43,13.82,68,75,60,13.87
377,buin,CL,1528905600,-33.73,-70.74,46.4,0,65,3.36
378,gamboma,CG,1528905516,-1.87,15.88,87.34,0,64,6.53
379,bristol,GB,1528903200,51.45,-2.6,68,75,77,10.29
380,imbituba,BR,1528902000,-28.24,-48.67,69.8,40,64,3.36
381,comrie,GB,1528903200,56.09,-3.58,60.8,40,72,14.99
382,esil,KZ,1528905517,51.96,66.41,60.25,0,50,7.65
383,lompoc,US,1528904100,34.64,-120.46,62.6,1,63,2.51
384,coihaique,CL,1528902000,-45.58,-72.07,33.8,80,85,2.24
385,hamilton,BM,1528901700,32.3,-64.78,77,40,73,10.29
386,hasaki,JP,1528902000,35.73,140.83,64.4,75,93,3.36
387,kajaani,FI,1528903200,64.22,27.73,53.6,0,52,4.7
388,tupik,RU,1528905520,54.43,119.94,51.25,0,63,4.63
389,kloulklubed,PW,1528901700,7.04,134.26,82.4,90,83,9.17
390,kieta,PG,1528905520,-6.22,155.63,76.81,32,100,2.73
391,maldonado,UY,1528902000,-34.91,-54.96,51.8,75,76,19.46
392,smithers,CA,1528902000,54.78,-127.17,48.2,75,81,2.62
393,mareeba,AU,1528902000,-16.99,145.42,60.8,0,93,3.4
394,kaputa,ZM,1528905521,-8.47,29.66,78.88,0,29,3.62
395,lira,UG,1528905521,2.25,32.9,82.39,68,45,8.21
396,constitucion,MX,1528901040,23.99,-104.67,66.2,75,68,3.36
397,ternate,PH,1528902000,14.29,120.72,77,90,100,10.29
398,haines junction,CA,1528905526,60.75,-137.51,42.79,68,52,2.62
399,zagora,HR,1528903800,46.19,15.87,71.6,75,73,2.24
400,zhongxing,CN,1528905527,32.02,116.14,74.29,8,69,7.99
401,snezhnogorsk,RU,1528903800,69.19,33.23,42.8,75,70,2.24
402,sola,FI,1528903200,62.78,29.36,50,75,76,10.29
403,sioux lookout,CA,1528902000,50.1,-91.92,66.2,20,59,4.7
404,sur,OM,1528905530,22.57,59.53,89.32,0,82,4.85
405,utete,TZ,1528905531,-7.99,38.76,81.76,12,51,6.08
406,saint-joseph,FR,1528903800,43.56,6.97,71.6,75,60,4.7
407,sadao,TH,1528902000,6.63,100.42,82.4,75,83,2.24
408,petropavlovsk-kamchatskiy,RU,1528902000,53.05,158.65,41,90,86,2.24
409,vestmanna,FO,1528903200,62.16,-7.17,48.2,92,93,19.46
410,chifeng,CN,1528905536,42.27,118.96,52.42,8,90,0.72
411,grants pass,US,1528901760,42.44,-123.33,59,90,50,2.62
412,lampazos de naranjo,MX,1528905536,27.02,-100.51,82.93,0,57,6.76
413,salym,RU,1528905536,60.06,71.48,60.61,48,51,5.08
414,verkh-chebula,RU,1528905536,56.03,87.61,67.36,0,75,2.73
415,tsiroanomandidy,MG,1528905537,-18.77,46.05,71.86,64,36,4.97
416,lagoa,PT,1528903800,37.14,-8.45,71.6,20,56,10.29
417,les cayes,HT,1528905538,18.19,-73.75,82.93,88,92,22.41
418,mackay,CA,1528902000,53.65,-115.58,50,75,81,3.36
419,treuchtlingen,DE,1528903200,48.96,10.91,60.8,75,67,8.05
420,witney,GB,1528903200,51.78,-1.49,69.8,40,56,16.11
421,tabou,CI,1528905538,4.42,-7.36,80.86,0,100,9.78
422,koson,UZ,1528902000,39.04,65.59,89.6,0,19,9.17
423,burewala,PK,1528905539,30.16,72.68,95.62,0,34,7.2
424,aksum,ET,1528905539,14.12,38.72,61.15,80,94,3.4
425,iquitos,PE,1528902000,-3.75,-73.25,84.2,20,74,4.7
426,bealanana,MG,1528905541,-14.54,48.75,69.07,20,53,6.98
427,linqiong,CN,1528902000,30.42,103.46,75.2,92,83,6.71
428,bonaventure,CA,1528902000,48.04,-65.49,66.2,75,32,8.05
429,ostrovnoy,RU,1528905546,68.05,39.51,36.58,92,82,18.28
430,narsaq,GL,1528905000,60.91,-46.05,55.4,40,43,9.17
431,richards bay,ZA,1528905547,-28.77,32.06,68.53,0,75,1.72
432,antofagasta,CL,1528902000,-23.65,-70.4,57.2,40,67,8.05
433,yeniseysk,RU,1528905547,58.45,92.17,63.49,8,71,2.84
434,taguatinga,BR,1528902000,-15.83,-48.06,78.8,20,36,5.82
435,port-gentil,GA,1528902000,-0.72,8.78,82.4,20,78,16.11
436,yulara,AU,1528902000,-25.24,130.99,41,0,56,4.7
437,adrar,DZ,1528902000,27.87,-0.29,109.4,0,12,11.41
438,samur,RU,1528905549,41.83,48.49,71.23,0,84,13.13
439,chicla,PE,1528905550,-11.71,-76.27,43.69,20,74,2.39
440,tombouctou,ML,1528905550,16.77,-3.01,110.65,24,18,4.74
441,pyaozerskiy,RU,1528905550,65.83,31.17,49,48,57,3.96
442,vagur,FO,1528905550,61.47,-6.81,49.63,92,97,27.89
443,yar-sale,RU,1528905551,66.83,70.83,36.22,76,89,14.81
444,ust-nera,RU,1528905551,64.57,143.24,46.93,48,65,1.72
445,solnechnyy,RU,1528905551,50.72,136.64,51.52,0,78,4.18
446,san patricio,PY,1528905551,-26.98,-56.83,51.79,0,74,4.63
447,angoram,PG,1528905555,-4.06,144.07,74.47,88,100,1.95
448,champerico,MX,1528900860,16.38,-93.6,71.6,90,94,2.62
449,san policarpo,PH,1528905556,12.18,125.51,78.43,80,100,7.76
450,port-cartier,CA,1528902000,50.03,-66.88,55.4,40,47,16.11
451,tateyama,JP,1528905556,36.66,137.31,49.45,12,100,1.95
452,mandalgovi,MN,1528905556,45.76,106.27,62.59,8,35,6.64
453,bartica,GY,1528902000,6.41,-58.62,82.4,75,78,9.17
454,bathsheba,BB,1528902000,13.22,-59.52,86,20,66,25.28
455,bueu,ES,1528903800,42.33,-8.79,71.6,0,53,16.11
456,chaltyr,RU,1528905557,47.28,39.48,87.43,0,21,3.74
457,prince rupert,CA,1528902000,54.32,-130.32,53.6,90,93,6.93
458,plouzane,FR,1528903800,48.38,-4.62,66.2,90,63,8.05
459,belaya gora,RU,1528905558,68.54,146.19,62.77,36,35,4.07
460,tongren,CN,1528905558,27.72,109.18,67.9,12,85,1.95
461,narsimhapur,IN,1528905558,17.14,74.26,76,88,78,9.22
462,sao joao da barra,BR,1528902000,-21.64,-41.05,87.8,0,43,5.82
463,mamakan,RU,1528905559,57.82,114.02,51.7,32,83,2.06
464,inirida,CO,1528905559,3.87,-67.92,80.32,80,84,2.95
465,payo,ID,1528905559,-3.75,103.64,77.98,56,84,4.74
466,san carlos de bariloche,AR,1528902000,-41.13,-71.31,26.6,75,86,10.29
467,piacabucu,BR,1528905560,-10.41,-36.43,84.37,44,57,15.48
468,auki,NG,1528905560,12.18,6.51,94.81,44,55,1.61
469,ambon,FR,1528903800,47.55,-2.56,69.8,90,64,8.05
470,bilibino,RU,1528905560,68.06,166.44,52.33,0,60,1.95
471,jiangyou,CN,1528905561,31.78,104.73,73.3,92,64,4.18
472,ambilobe,MG,1528905561,-13.19,49.05,80.95,8,44,13.8
473,shebunino,RU,1528905561,57.66,40.04,59.98,0,69,14.14
474,broome,GB,1528903200,52.47,1.45,71.6,20,52,11.41
475,biedenkopf,DE,1528903200,50.92,8.53,59,75,71,6.93
476,aquiraz,BR,1528905600,-3.9,-38.39,87.8,20,52,19.46
477,karangasem,ID,1528905563,-6.7,108.49,81.4,20,100,15.7
478,boca do acre,BR,1528905563,-8.76,-67.39,83.56,76,77,2.84
479,la antigua,CO,1528905564,6.72,-76.08,68.35,48,94,1.5
480,sibolga,ID,1528905564,1.74,98.78,74.56,76,94,1.95
481,glebychevo,RU,1528905564,60.44,28.72,60.79,68,46,4.63
482,campos altos,BR,1528905564,-19.7,-46.17,79.69,0,62,6.42
483,santiago del estero,AR,1528905565,-27.8,-64.26,52.33,0,49,6.2
484,banff,CA,1528905565,51.18,-115.57,48.01,24,36,2.17
485,santa helena,BR,1528905565,-2.23,-45.3,88.51,36,71,6.53
486,lewiston,US,1528901760,46.42,-117.02,64.4,1,55,4.7
487,bouna,CI,1528905567,9.27,-3,89.86,0,78,4.18
488,upington,ZA,1528902000,-28.46,21.24,69.8,0,19,5.82
489,acaponeta,MX,1528905567,22.49,-105.36,77.35,68,100,4.29
490,orito,CO,1528905567,0.67,-76.88,70.42,88,97,2.73
491,vao,EE,1528905567,59.1,26.19,62.95,0,45,5.41
492,nkhotakota,MW,1528905568,-12.93,34.3,70.69,0,74,6.08
493,boyuibe,BO,1528902000,-20.43,-63.28,55.4,90,47,5.82
494,necochea,AR,1528905573,-38.55,-58.74,50.26,80,81,14.03
495,paitan,CN,1528902000,23.49,113.78,77,0,78,11.18
496,claresholm,CA,1528902000,50.02,-113.58,60.8,1,31,23.04
497,sabha,LY,1528905575,27.03,14.43,112.45,24,10,9.66
498,northam,GB,1528903200,51.04,-4.21,66.2,40,77,12.75
499,sarakhs,TM,1528902000,36.54,61.16,82.4,80,37,6.93
500,moroni,US,1528905577,39.52,-111.59,70.69,0,19,3.06
501,nisia floresta,BR,1528905600,-6.09,-35.21,86,75,51,24.16
502,yantarnyy,RU,1528903800,54.87,19.94,64.4,20,72,6.71
503,banjar,ID,1528905582,-7.37,108.54,71.5,12,88,3.62
504,khandyga,RU,1528905583,62.65,135.58,54.85,48,47,6.2
505,heinola,FI,1528903200,61.2,26.03,62.6,0,33,3.36
506,sept-iles,CA,1528902000,50.2,-66.38,55.4,40,47,16.11
507,yenagoa,NG,1528905584,4.92,6.26,81.94,92,80,11.01
508,pontianak,ID,1528905585,-0.02,109.34,77.89,44,99,3.4
509,okha,RU,1528905585,53.59,142.95,40.09,80,90,10.78
510,bismarck,US,1528905300,46.81,-100.78,71.6,1,30,12.75
511,dunedin,NZ,1528905434,-45.87,170.5,43.33,92,100,2.95
512,dabakala,CI,1528905587,8.36,-4.43,88.78,24,74,4.52
513,pitelino,RU,1528905589,54.58,41.81,69.7,64,66,11.23
514,egvekinot,RU,1528905592,66.32,-179.17,37.3,0,71,2.51
515,melo,UY,1528905592,-32.37,-54.17,50.08,56,78,22.08
516,mbeya,TZ,1528905593,-8.91,33.47,71.05,0,40,3.85
517,kochi,IN,1528903800,9.96,76.25,77,90,94,2.24
518,notse,TG,1528905594,6.95,1.17,86.62,56,76,8.77
519,amuntai,ID,1528905596,-2.42,115.25,77.17,36,88,2.17
520,san juan,PH,1528902000,14.6,121.03,77,90,100,10.29
521,rocha,UY,1528905597,-34.48,-54.34,49.99,56,93,21.18
522,elizabeth city,US,1528904640,36.3,-76.22,78.8,90,83,12.75
523,narathiwat,TH,1528902000,6.43,101.8,82.4,75,83,4.7
524,acari,BR,1528905599,-6.44,-36.64,84.1,0,48,15.26
525,puerto carreno,CO,1528902000,6.19,-67.49,84.2,40,74,3.36
526,troitskiy,RU,1528903800,45.15,38.14,82.4,0,48,6.71
527,dhidhdhoo,MV,1528905605,6.88,73.1,82.39,88,100,12.24
528,santa fe,AR,1528905642,-31.62,-60.7,47.47,12,84,10.45
529,kuytun,RU,1528905610,54.34,101.51,64.3,20,73,2.62
530,evans,US,1528904100,40.38,-104.69,78.8,1,41,3.36
531,sokoni,CD,1528905646,-12.89,28.78,74.56,0,37,4.07
532,sovetskiy,RU,1528905619,56.76,48.47,61.33,76,85,14.03
533,pagudpud,PH,1528902000,18.56,120.79,77,90,100,13.87
534,southbridge,US,1528903440,42.08,-72.03,69.8,90,82,19.46
535,brazzaville,CD,1528902000,-4.27,15.27,86,8,55,5.82
536,tutoia,BR,1528902000,-2.76,-42.27,91.4,40,52,8.05
537,harlingen,US,1528902900,26.19,-97.7,89.6,75,62,10.29
538,calamar,CO,1528905629,1.96,-72.65,70.87,92,100,2.95
539,road town,VG,1528905600,18.42,-64.62,87.8,40,66,12.75
540,tabas,IR,1528905630,33.6,56.92,94.27,36,11,6.98
541,shieli,KZ,1528905630,44.18,66.74,67.27,88,41,14.81
542,scalea,IT,1528905631,39.82,15.79,70.06,36,100,5.3
543,san andres,PH,1528905632,13.32,122.68,83.47,68,100,22.64
544,muisne,EC,1528905633,0.61,-80.02,76.9,92,84,4.63
545,ati,TD,1528905633,13.21,18.34,104.53,20,25,4.97
546,san luis,AR,1528905472,-33.3,-66.34,42.43,0,53,2.62
